id,name,address,date,phone,email,gender,salutation,industry_code
1,"Smith, John A.",123 Main St.,01/05/2023,(555) 123-4567,John.Smith@Company.com,Male,Mr.,HC001
2,"John Smith","123 Main Street, Apt 4",5-Jan-23,5551234567,john.smith@company.com,M,Mister,HC-001
3,"JOHN A SMITH","123 MAIN ST APT 4",2023-01-05,+1 (555) 123-4567,JOHNSMITH@COMPANY.COM,male,Mister.,hc001
4,"Dr. John Smith",123 Main Street,Jan 5 2023,15551234567,drjohn@company.com,M,Dr,HC_001
5,"Smith, J.",123 Main St,05/01/2023,555-123-4567,j.smith@company.com,Male,Mr,hc-001
6,"John A. Smith",123 MAIN STREET,1/5/23,+1-555-123-4567,johnsmith@company.com,M,Mr.,HC001
7,"SMITH, JOHN",123 Main St Apt 4,2023/01/05,(555)123-4567,john.a.smith@company.com,Male,Mr,Hc-001
8,"J. Smith",123 Main,05-Jan-2023,555 123 4567,smith.j@company.com,M,Mister,HC_001
9,"John Smith Jr.","Apt 4, 123 Main St",01-05-2023,5551234567,johnsmith.jr@company.com,Male,Mr.,hc001
10,"Smith, John A, MD",123 MAIN STREET APT 4,January 5 2023,+15551234567,dr.smith@company.com,M,Dr.,HC-001
11,"John Smith-Johnson",123 Main St.,02/15/2023,(555) 987-6543,John.Smith-Johnson@Company.com,Male,Mr.,HC002
12,"J. S. Johnson","123 Main Street, Suite 2",15-Feb-23,5559876543,j.s.johnson@company.com,M,Mister,HC-002
13,"JOHN SMITH-JOHNSON","123 MAIN ST STE 2",2023-02-15,+1 (555) 987-6543,JOHNSJOHNSON@COMPANY.COM,male,Mister.,hc002
14,"Dr. J. Smith-Johnson",123 Main Street,Feb 15 2023,15559876543,drjohnson@company.com,M,Dr,HC_002
15,"Johnson, J.S.",123 Main St,15/02/2023,555-987-6543,j.s.johnson@company.com,Male,Mr,hc-002
16,"John S. Johnson",123 MAIN STREET,2/15/23,+1-555-987-6543,johnsjohnson@company.com,M,Mr.,HC002
17,"JOHNSON, JOHN S",123 Main St Ste 2,2023/02/15,(555)987-6543,john.s.johnson@company.com,Male,Mr,Hc-002
18,"J. Smith-Johnson",123 Main,15-Feb-2023,555 987 6543,smith.johnson@company.com,M,Mister,HC_002
19,"John Johnson Jr.","Suite 2, 123 Main St",02-15-2023,5559876543,johnjohnson.jr@company.com,Male,Mr.,hc002
20,"Johnson, John S, PhD",123 MAIN STREET STE 2,February 15 2023,+15559876543,dr.johnson@company.com,M,Dr.,HC-002
21,"Brown, Sarah E.",456 Oak Ave.,03/20/2023,(555) 246-8135,Sarah.Brown@Company.com,Female,Ms.,HC003
22,"Sarah Brown","456 Oak Avenue, Unit 7",20-Mar-23,5552468135,sarah.brown@company.com,F,Miss,HC-003
23,"SARAH E BROWN","456 OAK AVE UNIT 7",2023-03-20,+1 (555) 246-8135,SARAHBROWN@COMPANY.COM,female,Ms.,hc003
24,"Dr. Sarah Brown",456 Oak Avenue,Mar 20 2023,15552468135,drsarah@company.com,F,Dr,HC_003
25,"Brown, S.",456 Oak Ave,20/03/2023,555-246-8135,s.brown@company.com,Female,Ms,hc-003
26,"Sarah E. Brown",456 OAK AVENUE,3/20/23,+1-555-246-8135,sarahbrown@company.com,F,Ms.,HC003
27,"BROWN, SARAH",456 Oak Ave Unit 7,2023/03/20,(555)246-8135,sarah.e.brown@company.com,Female,Ms,Hc-003
28,"S. Brown",456 Oak,20-Mar-2023,555 246 8135,brown.s@company.com,F,Miss,HC_003
29,"Sarah Brown Jr.","Unit 7, 456 Oak Ave",03-20-2023,5552468135,sarahbrown.jr@company.com,Female,Ms.,hc003
30,"Brown, Sarah E, MD",456 OAK AVENUE UNIT 7,March 20 2023,+15552468135,dr.brown@company.com,F,Dr.,HC-003
31,"Davis, Michael T.",789 Pine Rd.,04/10/2023,(555) 369-2580,Michael.Davis@Company.com,Male,Mr.,HC004
32,"Michael Davis","789 Pine Road, Apt 12",10-Apr-23,5553692580,michael.davis@company.com,M,Mr,HC-004
33,"MICHAEL T DAVIS","789 PINE RD APT 12",2023-04-10,+1 (555) 369-2580,MICHAELDAVIS@COMPANY.COM,male,Mr.,hc004
34,"Dr. Michael Davis",789 Pine Road,Apr 10 2023,15553692580,drmichael@company.com,M,Dr,HC_004
35,"Davis, M.",789 Pine Rd,10/04/2023,555-369-2580,m.davis@company.com,Male,Mr,hc-004
36,"Michael T. Davis",789 PINE ROAD,4/10/23,+1-555-369-2580,michaeldavis@company.com,M,Mr.,HC004
37,"DAVIS, MICHAEL",789 Pine Rd Apt 12,2023/04/10,(555)369-2580,michael.t.davis@company.com,Male,Mr,Hc-004
38,"M. Davis",789 Pine,10-Apr-2023,555 369 2580,davis.m@company.com,M,Mr,HC_004
39,"Michael Davis Jr.","Apt 12, 789 Pine Rd",04-10-2023,5553692580,michaeldavis.jr@company.com,Male,Mr.,hc004
40,"Davis, Michael T, PhD",789 PINE ROAD APT 12,April 10 2023,+15553692580,dr.davis@company.com,M,Dr.,HC-004
41,"Wilson, Emily L.",101 Elm St.,05/25/2023,(555) 147-2589,Emily.Wilson@Company.com,Female,Ms.,HC005
42,"Emily Wilson","101 Elm Street, Suite 3",25-May-23,5551472589,emily.wilson@company.com,F,Miss,HC-005
43,"EMILY L WILSON","101 ELM ST STE 3",2023-05-25,+1 (555) 147-2589,EMILYWILSON@COMPANY.COM,female,Ms.,hc005
44,"Dr. Emily Wilson",101 Elm Street,May 25 2023,15551472589,dremily@company.com,F,Dr,HC_005
45,"Wilson, E.",101 Elm St,25/05/2023,555-147-2589,e.wilson@company.com,Female,Ms,hc-005
46,"Emily L. Wilson",101 ELM STREET,5/25/23,+1-555-147-2589,emilywilson@company.com,F,Ms.,HC005
47,"WILSON, EMILY",101 Elm St Ste 3,2023/05/25,(555)147-2589,emily.l.wilson@company.com,Female,Ms,Hc-005
48,"E. Wilson",101 Elm,25-May-2023,555 147 2589,wilson.e@company.com,F,Miss,HC_005
49,"Emily Wilson Jr.","Suite 3, 101 Elm St",05-25-2023,5551472589,emilywilson.jr@company.com,Female,Ms.,hc005
50,"Wilson, Emily L, MD",101 ELM STREET STE 3,May 25 2023,+15551472589,dr.wilson@company.com,F,Dr.,HC-005