[
    {
        "_id": "66b4966e03cd1aa762f8db2c",
        "Record_ID": "b'\\xd1\\x9aL\\xab\\x82=G\\xc3\\xb9\\x06\\xa0Jf\\x00\\xd8\\xa9'",
        "Name": "Jo Key",
        "Address": "6047 Pratt Loaf\nEast Samantha, FM 16131",
        "Phone": "(244)444-6997",
        "Email": "rodriguezelaine@example.net",
        "Last_Updated": "14-07-2023",
        "Source_System": "System_B",
        "UUID": null
    },
    {
        "_id": "66b4966e03cd1aa762f8cf6c",
        "Record_ID": "b'\\x94\\xa4\\x98\\xab!fK(\\xa9\\x96d\\x8d\\xf0\\xd41\\xb3'",
        "Name": "Jose Yu",
        "Address": "74135 Jordan Isle\nNorth Eric, KY 93908",
        "Phone": "001-553-721-8014x04030",
        "Email": "brittanyramirez@example.net",
        "Last_Updated": "29-01-2021",
        "Source_System": "System_B",
        "UUID": null
    },
    {
        "_id": "66b4966e03cd1aa762f8cf6d",
        "Record_ID": "b'\\xd3\\x88\\xaf\\xa6EqC\\xe5\\x9d)\\x04Ig\\xfc\\xd3~'",
        "Name": "Jose Yu",
        "Address": "534 Joshua Trafficway\nPerezberg, MI 73323",
        "Phone": "001-553-721-8014x04030",
        "Email": "shawrichard@example.org",
        "Last_Updated": "26-11-2022",
        "Source_System": "System_C",
        "UUID": null
    },
    {
        "_id": "66b4967003cd1aa762f914e3",
        "Record_ID": "b'\\xa9\\x01\\x05#\\xe4\\x91@s\\x9d\\xe9\\xf5\\xb1G\\n\\xe6\\xdd'",
        "Name": "Jon Key",
        "Address": "6603 Teresa Inlet\nSalazarstad, FM 54738",
        "Phone": "809.621.0649",
        "Email": "tara34@example.net",
        "Last_Updated": "07-06-2023",
        "Source_System": "System_A",
        "UUID": null
    },
    {
        "_id": "66b4967503cd1aa762f9d6be",
        "Record_ID": "b'-c\\xf5>\\xccrG\\xc8\\x84\\xba\\x92\\xf0\\xfa\\x80\\xb1\\xee'",
        "Name": "Joe May",
        "Address": "1355 Matthews Ramp Apt. 908\nPort Hannahhaven, MD 04468",
        "Phone": "(411)935-2186x8450",
        "Email": "brian46@example.org",
        "Last_Updated": "03-08-2021",
        "Source_System": "System_A",
        "UUID": null
    },
    {
        "_id": "66b4967503cd1aa762f9d6bf",
        "Record_ID": "b'u\\xc3\\x8e\\x08\\xc9\\x12NF\\xbf\\x06X\\x17\\x93\\x18\\xae\\xe7'",
        "Name": "Joe May",
        "Address": "23193 Kathy Ferry Apt. 111\nSimpsonport, GA 39726",
        "Phone": "(411)935-2186x8450",
        "Email": "valdezangela@example.com",
        "Last_Updated": "13-07-2021",
        "Source_System": "System_B",
        "UUID": null
    }
]