{
    "dim_customer": {
        "columns": [
            {
                "name": "customer_id",
                "type": "INTEGER"
            },
            {
                "name": "customer_key",
                "type": "VARCHAR"
            },
            {
                "name": "load_date",
                "type": "TIMESTAMP"
            },
            {
                "name": "record_source",
                "type": "VARCHAR"
            },
            {
                "name": "first_name",
                "type": "VARCHAR"
            },
            {
                "name": "last_name",
                "type": "VARCHAR"
            },
            {
                "name": "email",
                "type": "VARCHAR"
            }
        ],
        "primary_key": [
            "customer_id"
        ]
    },
    "dim_product": {
        "columns": [
            {
                "name": "product_id",
                "type": "INTEGER"
            },
            {
                "name": "product_key",
                "type": "VARCHAR"
            },
            {
                "name": "load_date",
                "type": "TIMESTAMP"
            },
            {
                "name": "record_source",
                "type": "VARCHAR"
            },
            {
                "name": "product_name",
                "type": "VARCHAR"
            },
            {
                "name": "product_category",
                "type": "VARCHAR"
            },
            {
                "name": "price",
                "type": "NUMERIC"
            }
        ],
        "primary_key": [
            "product_id"
        ]
    },
    "dim_salesperson": {
        "columns": [
            {
                "name": "salesperson_id",
                "type": "INTEGER"
            },
            {
                "name": "salesperson_key",
                "type": "VARCHAR"
            },
            {
                "name": "load_date",
                "type": "TIMESTAMP"
            },
            {
                "name": "record_source",
                "type": "VARCHAR"
            },
            {
                "name": "first_name",
                "type": "VARCHAR"
            },
            {
                "name": "last_name",
                "type": "VARCHAR"
            },
            {
                "name": "region",
                "type": "VARCHAR"
            }
        ],
        "primary_key": [
            "salesperson_id"
        ]
    },
    "hub_customer": {
        "columns": [
            {
                "name": "customer_id",
                "type": "INTEGER"
            },
            {
                "name": "customer_key",
                "type": "VARCHAR(255)"
            },
            {
                "name": "load_date",
                "type": "TIMESTAMP"
            },
            {
                "name": "record_source",
                "type": "VARCHAR(255)"
            }
        ],
        "primary_key": [
            "customer_id"
        ]
    },
    "hub_product": {
        "columns": [
            {
                "name": "product_id",
                "type": "INTEGER"
            },
            {
                "name": "product_key",
                "type": "VARCHAR(255)"
            },
            {
                "name": "load_date",
                "type": "TIMESTAMP"
            },
            {
                "name": "record_source",
                "type": "VARCHAR(255)"
            }
        ],
        "primary_key": [
            "product_id"
        ]
    },
    "hub_salesperson": {
        "columns": [
            {
                "name": "salesperson_id",
                "type": "INTEGER"
            },
            {
                "name": "salesperson_key",
                "type": "VARCHAR(255)"
            },
            {
                "name": "load_date",
                "type": "TIMESTAMP"
            },
            {
                "name": "record_source",
                "type": "VARCHAR(255)"
            }
        ],
        "primary_key": [
            "salesperson_id"
        ]
    },
    "fact_sales": {
        "columns": [
            {
                "name": "customer_id",
                "type": "INTEGER"
            },
            {
                "name": "product_id",
                "type": "INTEGER"
            },
            {
                "name": "salesperson_id",
                "type": "INTEGER"
            },
            {
                "name": "sale_date",
                "type": "TIMESTAMP"
            },
            {
                "name": "sale_amount",
                "type": "NUMERIC"
            }
        ],
        "primary_key": []
    },
    "link_sales": {
        "columns": [
            {
                "name": "customer_id",
                "type": "INTEGER"
            },
            {
                "name": "product_id",
                "type": "INTEGER"
            },
            {
                "name": "salesperson_id",
                "type": "INTEGER"
            },
            {
                "name": "sale_date",
                "type": "TIMESTAMP"
            },
            {
                "name": "sale_amount",
                "type": "NUMERIC(10, 2)"
            }
        ],
        "primary_key": [
            "customer_id",
            "product_id",
            "salesperson_id",
            "sale_date"
        ]
    },
    "satellite_customer_details": {
        "columns": [
            {
                "name": "customer_id",
                "type": "INTEGER"
            },
            {
                "name": "first_name",
                "type": "VARCHAR(255)"
            },
            {
                "name": "last_name",
                "type": "VARCHAR(255)"
            },
            {
                "name": "email",
                "type": "VARCHAR(255)"
            },
            {
                "name": "load_date",
                "type": "TIMESTAMP"
            },
            {
                "name": "record_source",
                "type": "VARCHAR(255)"
            }
        ],
        "primary_key": [
            "customer_id",
            "load_date"
        ]
    },
    "satellite_product_details": {
        "columns": [
            {
                "name": "product_id",
                "type": "INTEGER"
            },
            {
                "name": "product_name",
                "type": "VARCHAR(255)"
            },
            {
                "name": "product_category",
                "type": "VARCHAR(255)"
            },
            {
                "name": "price",
                "type": "NUMERIC(10, 2)"
            },
            {
                "name": "load_date",
                "type": "TIMESTAMP"
            },
            {
                "name": "record_source",
                "type": "VARCHAR(255)"
            }
        ],
        "primary_key": [
            "product_id",
            "load_date"
        ]
    },
    "satellite_salesperson_details": {
        "columns": [
            {
                "name": "salesperson_id",
                "type": "INTEGER"
            },
            {
                "name": "first_name",
                "type": "VARCHAR(255)"
            },
            {
                "name": "last_name",
                "type": "VARCHAR(255)"
            },
            {
                "name": "region",
                "type": "VARCHAR(255)"
            },
            {
                "name": "load_date",
                "type": "TIMESTAMP"
            },
            {
                "name": "record_source",
                "type": "VARCHAR(255)"
            }
        ],
        "primary_key": [
            "salesperson_id",
            "load_date"
        ]
    }
}