[{
  "_id": {
    "$oid": "66b372f8d70d4c58b3f915a4"
  },
  "ID": 1,
  "Name": "John Doe",
  "Age": 28,
  "City": "New York",
  "Email": "johndoe@example.com",
  "Phone": "123-456-7890",
  "timestamp": "2024-01-01T10:00:00Z",
  "source": "source1"
},
{
  "_id": {
    "$oid": "66b372f8d70d4c58b3f915a5"
  },
  "ID": 1,
  "Name": "Jon Doe",
  "Age": 28,
  "City": "New York",
  "Email": "john.doe@example.com",
  "Phone": "123-456-7890",
  "timestamp": "2024-01-02T10:00:00Z",
  "source": "source2"
},
{
  "_id": {
    "$oid": "66b372f8d70d4c58b3f915a6"
  },
  "ID": 2,
  "Name": "Jane Smith",
  "Age": 32,
  "City": "Los Angeles",
  "Email": "janesmith@example.com",
  "Phone": "234-567-8901",
  "timestamp": "2024-01-02T10:00:00Z",
  "source": "source2"
},
{
  "_id": {
    "$oid": "66b372f8d70d4c58b3f915a7"
  },
  "ID": 2,
  "Name": "Jane S.",
  "Age": 32,
  "City": "Los Angeles",
  "Email": "jane.smith@example.com",
  "Phone": "234-567-8901",
  "timestamp": "2024-01-03T10:00:00Z",
  "source": "source1"
},
{
  "_id": {
    "$oid": "66b372f8d70d4c58b3f915a8"
  },
  "ID": 3,
  "Name": "Michael Johnson",
  "Age": 45,
  "City": "Chicago",
  "Email": "michael.j@example.com",
  "Phone": "345-678-9012",
  "timestamp": "2024-01-04T10:00:00Z",
  "source": "source1"
},
{
  "_id": {
    "$oid": "66b372f8d70d4c58b3f915a9"
  },
  "ID": 3,
  "Name": "Mike Johnson",
  "Age": 45,
  "City": "Chicago",
  "Email": "mike.johnson@example.com",
  "Phone": "345-678-9012",
  "timestamp": "2024-01-05T10:00:00Z",
  "source": "source2"
},
{
  "_id": {
    "$oid": "66b372f8d70d4c58b3f915aa"
  },
  "ID": 4,
  "Name": "Emily Davis",
  "Age": 29,
  "City": "San Francisco",
  "Email": "emily.davis@example.com",
  "Phone": "456-789-0123",
  "timestamp": "2024-01-06T10:00:00Z",
  "source": "source1"
},
{
  "_id": {
    "$oid": "66b372f8d70d4c58b3f915ab"
  },
  "ID": 4,
  "Name": "Emily D.",
  "Age": 29,
  "City": "San Francisco",
  "Email": "emily.d@example.com",
  "Phone": "456-789-0123",
  "timestamp": "2024-01-07T10:00:00Z",
  "source": "source2"
},
{
  "_id": {
    "$oid": "66b372f8d70d4c58b3f915ac"
  },
  "ID": 5,
  "Name": "Daniel Brown",
  "Age": 37,
  "City": "Houston",
  "Email": "daniel.brown@example.com",
  "Phone": "567-890-1234",
  "timestamp": "2024-01-08T10:00:00Z",
  "source": "source2"
},
{
  "_id": {
    "$oid": "66b372f8d70d4c58b3f915ad"
  },
  "ID": 5,
  "Name": "Dan Brown",
  "Age": 37,
  "City": "Houston",
  "Email": "dan.brown@example.com",
  "Phone": "567-890-1234",
  "timestamp": "2024-01-09T10:00:00Z",
  "source": "source1"
},
{
  "_id": {
    "$oid": "66b372f8d70d4c58b3f915ae"
  },
  "ID": 6,
  "Name": "Laura Wilson",
  "Age": 40,
  "City": "Miami",
  "Email": "laura.wilson@example.com",
  "Phone": "678-901-2345",
  "timestamp": "2024-01-10T10:00:00Z",
  "source": "source1"
},
{
  "_id": {
    "$oid": "66b372f8d70d4c58b3f915af"
  },
  "ID": 6,
  "Name": "Laura W.",
  "Age": 40,
  "City": "Miami",
  "Email": "laura.w@example.com",
  "Phone": "678-901-2345",
  "timestamp": "2024-01-11T10:00:00Z",
  "source": "source2"
},
{
  "_id": {
    "$oid": "66b372f8d70d4c58b3f915b0"
  },
  "ID": 7,
  "Name": "David Lee",
  "Age": 31,
  "City": "Seattle",
  "Email": "david.lee@example.com",
  "Phone": "789-012-3456",
  "timestamp": "2024-01-12T10:00:00Z",
  "source": "source2"
},
{
  "_id": {
    "$oid": "66b372f8d70d4c58b3f915b1"
  },
  "ID": 7,
  "Name": "Dave Lee",
  "Age": 31,
  "City": "Seattle",
  "Email": "dave.lee@example.com",
  "Phone": "789-012-3456",
  "timestamp": "2024-01-13T10:00:00Z",
  "source": "source1"
},
{
  "_id": {
    "$oid": "66b372f8d70d4c58b3f915b2"
  },
  "ID": 8,
  "Name": "Sophia Martinez",
  "Age": 24,
  "City": "Austin",
  "Email": "sophia.martinez@example.com",
  "Phone": "890-123-4567",
  "timestamp": "2024-01-14T10:00:00Z",
  "source": "source1"
},
{
  "_id": {
    "$oid": "66b372f8d70d4c58b3f915b3"
  },
  "ID": 8,
  "Name": "Sophie Martinez",
  "Age": 24,
  "City": "Austin",
  "Email": "sophie.martinez@example.com",
  "Phone": "890-123-4567",
  "timestamp": "2024-01-15T10:00:00Z",
  "source": "source2"
},
{
  "_id": {
    "$oid": "66b372f8d70d4c58b3f915b4"
  },
  "ID": 9,
  "Name": "James Taylor",
  "Age": 33,
  "City": "Boston",
  "Email": "james.taylor@example.com",
  "Phone": "901-234-5678",
  "timestamp": "2024-01-16T10:00:00Z",
  "source": "source2"
},
{
  "_id": {
    "$oid": "66b372f8d70d4c58b3f915b5"
  },
  "ID": 9,
  "Name": "Jim Taylor",
  "Age": 33,
  "City": "Boston",
  "Email": "jim.taylor@example.com",
  "Phone": "901-234-5678",
  "timestamp": "2024-01-17T10:00:00Z",
  "source": "source1"
},
{
  "_id": {
    "$oid": "66b372f8d70d4c58b3f915b6"
  },
  "ID": 10,
  "Name": "Olivia White",
  "Age": 27,
  "City": "Philadelphia",
  "Email": "olivia.white@example.com",
  "Phone": "012-345-6789",
  "timestamp": "2024-01-18T10:00:00Z",
  "source": "source1"
},
{
  "_id": {
    "$oid": "66b372f8d70d4c58b3f915b7"
  },
  "ID": 10,
  "Name": "Liv White",
  "Age": 27,
  "City": "Philadelphia",
  "Email": "liv.white@example.com",
  "Phone": "012-345-6789",
  "timestamp": "2024-01-19T10:00:00Z",
  "source": "source2"
},
{
  "_id": {
    "$oid": "66b372f8d70d4c58b3f915b8"
  },
  "ID": 11,
  "Name": "Robert Harris",
  "Age": 38,
  "City": "Phoenix",
  "Email": "robert.harris@example.com",
  "Phone": "123-456-7891",
  "timestamp": "2024-01-20T10:00:00Z",
  "source": "source2"
},
{
  "_id": {
    "$oid": "66b372f8d70d4c58b3f915b9"
  },
  "ID": 11,
  "Name": "Rob Harris",
  "Age": 38,
  "City": "Phoenix",
  "Email": "rob.harris@example.com",
  "Phone": "123-456-7891",
  "timestamp": "2024-01-21T10:00:00Z",
  "source": "source1"
},
{
  "_id": {
    "$oid": "66b372f8d70d4c58b3f915ba"
  },
  "ID": 12,
  "Name": "Isabella Clark",
  "Age": 29,
  "City": "San Diego",
  "Email": "isabella.clark@example.com",
  "Phone": "234-567-8902",
  "timestamp": "2024-01-22T10:00:00Z",
  "source": "source1"
},
{
  "_id": {
    "$oid": "66b372f8d70d4c58b3f915bb"
  },
  "ID": 12,
  "Name": "Bella Clark",
  "Age": 29,
  "City": "San Diego",
  "Email": "bella.clark@example.com",
  "Phone": "234-567-8902",
  "timestamp": "2024-01-23T10:00:00Z",
  "source": "source2"
},
{
  "_id": {
    "$oid": "66b372f8d70d4c58b3f915bc"
  },
  "ID": 13,
  "Name": "Ethan Lewis",
  "Age": 30,
  "City": "Dallas",
  "Email": "ethan.lewis@example.com",
  "Phone": "345-678-9013",
  "timestamp": "2024-01-24T10:00:00Z",
  "source": "source2"
},
{
  "_id": {
    "$oid": "66b372f8d70d4c58b3f915bd"
  },
  "ID": 13,
  "Name": "Ethan L.",
  "Age": 30,
  "City": "Dallas",
  "Email": "ethan.l@example.com",
  "Phone": "345-678-9013",
  "timestamp": "2024-01-25T10:00:00Z",
  "source": "source1"
},
{
  "_id": {
    "$oid": "66b372f8d70d4c58b3f915be"
  },
  "ID": 14,
  "Name": "Ava King",
  "Age": 22,
  "City": "San Jose",
  "Email": "ava.king@example.com",
  "Phone": "456-789-0124",
  "timestamp": "2024-01-26T10:00:00Z",
  "source": "source1"
},
{
  "_id": {
    "$oid": "66b372f8d70d4c58b3f915bf"
  },
  "ID": 14,
  "Name": "Ava K.",
  "Age": 22,
  "City": "San Jose",
  "Email": "ava.k@example.com",
  "Phone": "456-789-0124",
  "timestamp": "2024-01-27T10:00:00Z",
  "source": "source2"
},
{
  "_id": {
    "$oid": "66b372f8d70d4c58b3f915c0"
  },
  "ID": 15,
  "Name": "Mason Wright",
  "Age": 35,
  "City": "Austin",
  "Email": "mason.wright@example.com",
  "Phone": "567-890-1235",
  "timestamp": "2024-01-28T10:00:00Z",
  "source": "source1"
},
{
  "_id": {
    "$oid": "66b372f8d70d4c58b3f915c1"
  },
  "ID": 15,
  "Name": "Mason W.",
  "Age": 35,
  "City": "Austin",
  "Email": "mason.w@example.com",
  "Phone": "567-890-1235",
  "timestamp": "2024-01-29T10:00:00Z",
  "source": "source2"
},
{
  "_id": {
    "$oid": "66b372f8d70d4c58b3f915c2"
  },
  "ID": 16,
  "Name": "Mia Young",
  "Age": 26,
  "City": "New York",
  "Email": "mia.young@example.com",
  "Phone": "678-901-2346",
  "timestamp": "2024-01-30T10:00:00Z",
  "source": "source2"
},
{
  "_id": {
    "$oid": "66b372f8d70d4c58b3f915c3"
  },
  "ID": 16,
  "Name": "Mia Y.",
  "Age": 26,
  "City": "New York",
  "Email": "mia.y@example.com",
  "Phone": "678-901-2346",
  "timestamp": "2024-01-31T10:00:00Z",
  "source": "source1"
},
{
  "_id": {
    "$oid": "66b372f8d70d4c58b3f915c4"
  },
  "ID": 17,
  "Name": "Jacob Allen",
  "Age": 31,
  "City": "Los Angeles",
  "Email": "jacob.allen@example.com",
  "Phone": "789-012-3457",
  "timestamp": "2024-02-01T10:00:00Z",
  "source": "source1"
},
{
  "_id": {
    "$oid": "66b372f8d70d4c58b3f915c5"
  },
  "ID": 17,
  "Name": "Jake Allen",
  "Age": 31,
  "City": "Los Angeles",
  "Email": "jake.allen@example.com",
  "Phone": "789-012-3457",
  "timestamp": "2024-02-02T10:00:00Z",
  "source": "source2"
},
{
  "_id": {
    "$oid": "66b372f8d70d4c58b3f915c6"
  },
  "ID": 18,
  "Name": "Chloe Scott",
  "Age": 25,
  "City": "Seattle",
  "Email": "chloe.scott@example.com",
  "Phone": "890-123-4568",
  "timestamp": "2024-02-03T10:00:00Z",
  "source": "source1"
},
{
  "_id": {
    "$oid": "66b372f8d70d4c58b3f915c7"
  },
  "ID": 18,
  "Name": "Chloe S.",
  "Age": 25,
  "City": "Seattle",
  "Email": "chloe.s@example.com",
  "Phone": "890-123-4568",
  "timestamp": "2024-02-04T10:00:00Z",
  "source": "source2"
},
{
  "_id": {
    "$oid": "66b372f8d70d4c58b3f915c8"
  },
  "ID": 19,
  "Name": "Ryan Baker",
  "Age": 39,
  "City": "Denver",
  "Email": "ryan.baker@example.com",
  "Phone": "901-234-5679",
  "timestamp": "2024-02-05T10:00:00Z",
  "source": "source2"
},
{
  "_id": {
    "$oid": "66b372f8d70d4c58b3f915c9"
  },
  "ID": 19,
  "Name": "Ryan B.",
  "Age": 39,
  "City": "Denver",
  "Email": "ryan.b@example.com",
  "Phone": "901-234-5679",
  "timestamp": "2024-02-06T10:00:00Z",
  "source": "source1"
},
{
  "_id": {
    "$oid": "66b372f8d70d4c58b3f915ca"
  },
  "ID": 20,
  "Name": "Evelyn Turner",
  "Age": 34,
  "City": "Washington",
  "Email": "evelyn.turner@example.com",
  "Phone": "012-345-6789",
  "timestamp": "2024-02-07T10:00:00Z",
  "source": "source1"
},
{
  "_id": {
    "$oid": "66b372f8d70d4c58b3f915cb"
  },
  "ID": 20,
  "Name": "Eve Turner",
  "Age": 34,
  "City": "Washington",
  "Email": "eve.turner@example.com",
  "Phone": "012-345-6789",
  "timestamp": "2024-02-08T10:00:00Z",
  "source": "source2"
},
{
  "_id": {
    "$oid": "66b372f8d70d4c58b3f915cc"
  },
  "ID": 21,
  "Name": "Liam Adams",
  "Age": 30,
  "City": "Baltimore",
  "Email": "liam.adams@example.com",
  "Phone": "123-456-7892",
  "timestamp": "2024-02-09T10:00:00Z",
  "source": "source2"
},
{
  "_id": {
    "$oid": "66b372f8d70d4c58b3f915cd"
  },
  "ID": 21,
  "Name": "Liam A.",
  "Age": 30,
  "City": "Baltimore",
  "Email": "liam.a@example.com",
  "Phone": "123-456-7892",
  "timestamp": "2024-02-10T10:00:00Z",
  "source": "source1"
},
{
  "_id": {
    "$oid": "66b372f8d70d4c58b3f915ce"
  },
  "ID": 22,
  "Name": "Charlotte Nelson",
  "Age": 28,
  "City": "Austin",
  "Email": "charlotte.nelson@example.com",
  "Phone": "234-567-8903",
  "timestamp": "2024-02-11T10:00:00Z",
  "source": "source1"
},
{
  "_id": {
    "$oid": "66b372f8d70d4c58b3f915cf"
  },
  "ID": 22,
  "Name": "Charlie Nelson",
  "Age": 28,
  "City": "Austin",
  "Email": "charlie.nelson@example.com",
  "Phone": "234-567-8903",
  "timestamp": "2024-02-12T10:00:00Z",
  "source": "source2"
},
{
  "_id": {
    "$oid": "66b372f8d70d4c58b3f915d0"
  },
  "ID": 23,
  "Name": "Benjamin Carter",
  "Age": 29,
  "City": "San Francisco",
  "Email": "benjamin.carter@example.com",
  "Phone": "345-678-9014",
  "timestamp": "2024-02-13T10:00:00Z",
  "source": "source1"
},
{
  "_id": {
    "$oid": "66b372f8d70d4c58b3f915d1"
  },
  "ID": 23,
  "Name": "Ben Carter",
  "Age": 29,
  "City": "San Francisco",
  "Email": "ben.carter@example.com",
  "Phone": "345-678-9014",
  "timestamp": "2024-02-14T10:00:00Z",
  "source": "source2"
},
{
  "_id": {
    "$oid": "66b372f8d70d4c58b3f915d2"
  },
  "ID": 24,
  "Name": "Amelia Walker",
  "Age": 25,
  "City": "Philadelphia",
  "Email": "amelia.walker@example.com",
  "Phone": "456-789-0125",
  "timestamp": "2024-02-15T10:00:00Z",
  "source": "source2"
},
{
  "_id": {
    "$oid": "66b372f8d70d4c58b3f915d3"
  },
  "ID": 24,
  "Name": "Amy Walker",
  "Age": 25,
  "City": "Philadelphia",
  "Email": "amy.walker@example.com",
  "Phone": "456-789-0125",
  "timestamp": "2024-02-16T10:00:00Z",
  "source": "source1"
},
{
  "_id": {
    "$oid": "66b372f8d70d4c58b3f915d4"
  },
  "ID": 25,
  "Name": "James Harris",
  "Age": 34,
  "City": "Phoenix",
  "Email": "james.harris@example.com",
  "Phone": "567-890-1236",
  "timestamp": "2024-02-17T10:00:00Z",
  "source": "source1"
},
{
  "_id": {
    "$oid": "66b372f8d70d4c58b3f915d5"
  },
  "ID": 25,
  "Name": "Jim Harris",
  "Age": 34,
  "City": "Phoenix",
  "Email": "jim.harris@example.com",
  "Phone": "567-890-1236",
  "timestamp": "2024-02-18T10:00:00Z",
  "source": "source2"
},
{
  "_id": {
    "$oid": "66b372f8d70d4c58b3f915d6"
  },
  "ID": 26,
  "Name": "Megan Lewis",
  "Age": 32,
  "City": "San Diego",
  "Email": "megan.lewis@example.com",
  "Phone": "678-901-2347",
  "timestamp": "2024-02-19T10:00:00Z",
  "source": "source2"
},
{
  "_id": {
    "$oid": "66b372f8d70d4c58b3f915d7"
  },
  "ID": 26,
  "Name": "Meg Lewis",
  "Age": 32,
  "City": "San Diego",
  "Email": "meg.lewis@example.com",
  "Phone": "678-901-2347",
  "timestamp": "2024-02-20T10:00:00Z",
  "source": "source1"
},
{
  "_id": {
    "$oid": "66b372f8d70d4c58b3f915d8"
  },
  "ID": 27,
  "Name": "Samuel King",
  "Age": 29,
  "City": "Dallas",
  "Email": "samuel.king@example.com",
  "Phone": "789-012-3458",
  "timestamp": "2024-02-21T10:00:00Z",
  "source": "source1"
},
{
  "_id": {
    "$oid": "66b372f8d70d4c58b3f915d9"
  },
  "ID": 27,
  "Name": "Sam King",
  "Age": 29,
  "City": "Dallas",
  "Email": "sam.king@example.com",
  "Phone": "789-012-3458",
  "timestamp": "2024-02-22T10:00:00Z",
  "source": "source2"
},
{
  "_id": {
    "$oid": "66b372f8d70d4c58b3f915da"
  },
  "ID": 28,
  "Name": "Lily Scott",
  "Age": 30,
  "City": "San Jose",
  "Email": "lily.scott@example.com",
  "Phone": "890-123-4569",
  "timestamp": "2024-02-23T10:00:00Z",
  "source": "source2"
},
{
  "_id": {
    "$oid": "66b372f8d70d4c58b3f915db"
  },
  "ID": 28,
  "Name": "Lillian Scott",
  "Age": 30,
  "City": "San Jose",
  "Email": "lillian.scott@example.com",
  "Phone": "890-123-4569",
  "timestamp": "2024-02-24T10:00:00Z",
  "source": "source1"
},
{
  "_id": {
    "$oid": "66b372f8d70d4c58b3f915dc"
  },
  "ID": 29,
  "Name": "Henry Wright",
  "Age": 36,
  "City": "Austin",
  "Email": "henry.wright@example.com",
  "Phone": "901-234-5670",
  "timestamp": "2024-02-25T10:00:00Z",
  "source": "source1"
},
{
  "_id": {
    "$oid": "66b372f8d70d4c58b3f915dd"
  },
  "ID": 29,
  "Name": "Harry Wright",
  "Age": 36,
  "City": "Austin",
  "Email": "harry.wright@example.com",
  "Phone": "901-234-5670",
  "timestamp": "2024-02-26T10:00:00Z",
  "source": "source2"
},
{
  "_id": {
    "$oid": "66b372f8d70d4c58b3f915de"
  },
  "ID": 30,
  "Name": "Zoe Turner",
  "Age": 33,
  "City": "Denver",
  "Email": "zoe.turner@example.com",
  "Phone": "012-345-6780",
  "timestamp": "2024-02-27T10:00:00Z",
  "source": "source2"
},
{
  "_id": {
    "$oid": "66b372f8d70d4c58b3f915df"
  },
  "ID": 30,
  "Name": "Zoey Turner",
  "Age": 33,
  "City": "Denver",
  "Email": "zoey.turner@example.com",
  "Phone": "012-345-6780",
  "timestamp": "2024-02-28T10:00:00Z",
  "source": "source1"
},
{
  "_id": {
    "$oid": "66b372f8d70d4c58b3f915e0"
  },
  "ID": 31,
  "Name": "Ella Harris",
  "Age": 31,
  "City": "Washington",
  "Email": "ella.harris@example.com",
  "Phone": "123-456-7893",
  "timestamp": "2024-03-01T10:00:00Z",
  "source": "source1"
},
{
  "_id": {
    "$oid": "66b372f8d70d4c58b3f915e1"
  },
  "ID": 31,
  "Name": "Ellie Harris",
  "Age": 31,
  "City": "Washington",
  "Email": "ellie.harris@example.com",
  "Phone": "123-456-7893",
  "timestamp": "2024-03-02T10:00:00Z",
  "source": "source2"
},
{
  "_id": {
    "$oid": "66b372f8d70d4c58b3f915e2"
  },
  "ID": 32,
  "Name": "Jack Adams",
  "Age": 29,
  "City": "Baltimore",
  "Email": "jack.adams@example.com",
  "Phone": "234-567-8904",
  "timestamp": "2024-03-03T10:00:00Z",
  "source": "source2"
},
{
  "_id": {
    "$oid": "66b372f8d70d4c58b3f915e3"
  },
  "ID": 32,
  "Name": "Jackson Adams",
  "Age": 29,
  "City": "Baltimore",
  "Email": "jackson.adams@example.com",
  "Phone": "234-567-8904",
  "timestamp": "2024-03-04T10:00:00Z",
  "source": "source1"
},
{
  "_id": {
    "$oid": "66b372f8d70d4c58b3f915e4"
  },
  "ID": 33,
  "Name": "Harper White",
  "Age": 28,
  "City": "San Francisco",
  "Email": "harper.white@example.com",
  "Phone": "345-678-9015",
  "timestamp": "2024-03-05T10:00:00Z",
  "source": "source1"
},
{
  "_id": {
    "$oid": "66b372f8d70d4c58b3f915e5"
  },
  "ID": 33,
  "Name": "Harriet White",
  "Age": 28,
  "City": "San Francisco",
  "Email": "harriet.white@example.com",
  "Phone": "345-678-9015",
  "timestamp": "2024-03-06T10:00:00Z",
  "source": "source2"
},
{
  "_id": {
    "$oid": "66b372f8d70d4c58b3f915e6"
  },
  "ID": 34,
  "Name": "Owen Turner",
  "Age": 34,
  "City": "Philadelphia",
  "Email": "owen.turner@example.com",
  "Phone": "456-789-0126",
  "timestamp": "2024-03-07T10:00:00Z",
  "source": "source2"
},
{
  "_id": {
    "$oid": "66b372f8d70d4c58b3f915e7"
  },
  "ID": 34,
  "Name": "Owen T.",
  "Age": 34,
  "City": "Philadelphia",
  "Email": "owen.t@example.com",
  "Phone": "456-789-0126",
  "timestamp": "2024-03-08T10:00:00Z",
  "source": "source1"
},
{
  "_id": {
    "$oid": "66b372f8d70d4c58b3f915e8"
  },
  "ID": 35,
  "Name": "Mila Adams",
  "Age": 27,
  "City": "Phoenix",
  "Email": "mila.adams@example.com",
  "Phone": "567-890-1237",
  "timestamp": "2024-03-09T10:00:00Z",
  "source": "source1"
},
{
  "_id": {
    "$oid": "66b372f8d70d4c58b3f915e9"
  },
  "ID": 35,
  "Name": "Milla Adams",
  "Age": 27,
  "City": "Phoenix",
  "Email": "milla.adams@example.com",
  "Phone": "567-890-1237",
  "timestamp": "2024-03-10T10:00:00Z",
  "source": "source2"
},
{
  "_id": {
    "$oid": "66b372f8d70d4c58b3f915ea"
  },
  "ID": 36,
  "Name": "Eleanor Wilson",
  "Age": 30,
  "City": "San Diego",
  "Email": "eleanor.wilson@example.com",
  "Phone": "678-901-2348",
  "timestamp": "2024-03-11T10:00:00Z",
  "source": "source1"
},
{
  "_id": {
    "$oid": "66b372f8d70d4c58b3f915eb"
  },
  "ID": 36,
  "Name": "Ellie Wilson",
  "Age": 30,
  "City": "San Diego",
  "Email": "ellie.wilson@example.com",
  "Phone": "678-901-2348",
  "timestamp": "2024-03-12T10:00:00Z",
  "source": "source2"
},
{
  "_id": {
    "$oid": "66b372f8d70d4c58b3f915ec"
  },
  "ID": 37,
  "Name": "Isaac Scott",
  "Age": 29,
  "City": "Dallas",
  "Email": "isaac.scott@example.com",
  "Phone": "789-012-3459",
  "timestamp": "2024-03-13T10:00:00Z",
  "source": "source2"
},
{
  "_id": {
    "$oid": "66b372f8d70d4c58b3f915ed"
  },
  "ID": 37,
  "Name": "Isaak Scott",
  "Age": 29,
  "City": "Dallas",
  "Email": "isaak.scott@example.com",
  "Phone": "789-012-3459",
  "timestamp": "2024-03-14T10:00:00Z",
  "source": "source1"
},
{
  "_id": {
    "$oid": "66b372f8d70d4c58b3f915ee"
  },
  "ID": 38,
  "Name": "Luna Harris",
  "Age": 26,
  "City": "San Jose",
  "Email": "luna.harris@example.com",
  "Phone": "890-123-4570",
  "timestamp": "2024-03-15T10:00:00Z",
  "source": "source1"
},
{
  "_id": {
    "$oid": "66b372f8d70d4c58b3f915ef"
  },
  "ID": 38,
  "Name": "Luna H.",
  "Age": 26,
  "City": "San Jose",
  "Email": "luna.h@example.com",
  "Phone": "890-123-4570",
  "timestamp": "2024-03-16T10:00:00Z",
  "source": "source2"
},
{
  "_id": {
    "$oid": "66b372f8d70d4c58b3f915f0"
  },
  "ID": 39,
  "Name": "Nora Mitchell",
  "Age": 35,
  "City": "Austin",
  "Email": "nora.mitchell@example.com",
  "Phone": "901-234-5671",
  "timestamp": "2024-03-17T10:00:00Z",
  "source": "source1"
},
{
  "_id": {
    "$oid": "66b372f8d70d4c58b3f915f1"
  },
  "ID": 39,
  "Name": "Norah Mitchell",
  "Age": 35,
  "City": "Austin",
  "Email": "norah.mitchell@example.com",
  "Phone": "901-234-5671",
  "timestamp": "2024-03-18T10:00:00Z",
  "source": "source2"
},
{
  "_id": {
    "$oid": "66b372f8d70d4c58b3f915f2"
  },
  "ID": 40,
  "Name": "Leo Morris",
  "Age": 32,
  "City": "San Francisco",
  "Email": "leo.morris@example.com",
  "Phone": "012-345-6781",
  "timestamp": "2024-03-19T10:00:00Z",
  "source": "source1"
},
{
  "_id": {
    "$oid": "66b372f8d70d4c58b3f915f3"
  },
  "ID": 40,
  "Name": "Leon Morris",
  "Age": 32,
  "City": "San Francisco",
  "Email": "leon.morris@example.com",
  "Phone": "012-345-6781",
  "timestamp": "2024-03-20T10:00:00Z",
  "source": "source2"
},
{
  "_id": {
    "$oid": "66b372f8d70d4c58b3f915f4"
  },
  "ID": 41,
  "Name": "Sofia Clark",
  "Age": 23,
  "City": "Los Angeles",
  "Email": "sofia.clark@example.com",
  "Phone": "123-456-7894",
  "timestamp": "2024-03-21T10:00:00Z",
  "source": "source2"
},
{
  "_id": {
    "$oid": "66b372f8d70d4c58b3f915f5"
  },
  "ID": 41,
  "Name": "Sophie Clark",
  "Age": 23,
  "City": "Los Angeles",
  "Email": "sophie.clark@example.com",
  "Phone": "123-456-7894",
  "timestamp": "2024-03-22T10:00:00Z",
  "source": "source1"
},
{
  "_id": {
    "$oid": "66b372f8d70d4c58b3f915f6"
  },
  "ID": 42,
  "Name": "Ella King",
  "Age": 26,
  "City": "Houston",
  "Email": "ella.king@example.com",
  "Phone": "234-567-8905",
  "timestamp": "2024-03-23T10:00:00Z",
  "source": "source1"
},
{
  "_id": {
    "$oid": "66b372f8d70d4c58b3f915f7"
  },
  "ID": 42,
  "Name": "Ellie King",
  "Age": 26,
  "City": "Houston",
  "Email": "ellie.king@example.com",
  "Phone": "234-567-8905",
  "timestamp": "2024-03-24T10:00:00Z",
  "source": "source2"
},
{
  "_id": {
    "$oid": "66b372f8d70d4c58b3f915f8"
  },
  "ID": 43,
  "Name": "Aiden Wilson",
  "Age": 27,
  "City": "Philadelphia",
  "Email": "aiden.wilson@example.com",
  "Phone": "345-678-9016",
  "timestamp": "2024-03-25T10:00:00Z",
  "source": "source2"
},
{
  "_id": {
    "$oid": "66b372f8d70d4c58b3f915f9"
  },
  "ID": 43,
  "Name": "Aidan Wilson",
  "Age": 27,
  "City": "Philadelphia",
  "Email": "aidan.wilson@example.com",
  "Phone": "345-678-9016",
  "timestamp": "2024-03-26T10:00:00Z",
  "source": "source1"
},
{
  "_id": {
    "$oid": "66b372f8d70d4c58b3f915fa"
  },
  "ID": 44,
  "Name": "Ethan Brown",
  "Age": 32,
  "City": "San Diego",
  "Email": "ethan.brown@example.com",
  "Phone": "456-789-0127",
  "timestamp": "2024-03-27T10:00:00Z",
  "source": "source1"
},
{
  "_id": {
    "$oid": "66b372f8d70d4c58b3f915fb"
  },
  "ID": 44,
  "Name": "Ethen Brown",
  "Age": 32,
  "City": "San Diego",
  "Email": "ethen.brown@example.com",
  "Phone": "456-789-0127",
  "timestamp": "2024-03-28T10:00:00Z",
  "source": "source2"
},
{
  "_id": {
    "$oid": "66b372f8d70d4c58b3f915fc"
  },
  "ID": 45,
  "Name": "Grace Miller",
  "Age": 31,
  "City": "Dallas",
  "Email": "grace.miller@example.com",
  "Phone": "567-890-1238",
  "timestamp": "2024-03-29T10:00:00Z",
  "source": "source2"
},
{
  "_id": {
    "$oid": "66b372f8d70d4c58b3f915fd"
  },
  "ID": 45,
  "Name": "Gracie Miller",
  "Age": 31,
  "City": "Dallas",
  "Email": "gracie.miller@example.com",
  "Phone": "567-890-1238",
  "timestamp": "2024-03-30T10:00:00Z",
  "source": "source1"
},
{
  "_id": {
    "$oid": "66b372f8d70d4c58b3f915fe"
  },
  "ID": 46,
  "Name": "Avery Robinson",
  "Age": 28,
  "City": "San Jose",
  "Email": "avery.robinson@example.com",
  "Phone": "678-901-2349",
  "timestamp": "2024-03-31T10:00:00Z",
  "source": "source1"
},
{
  "_id": {
    "$oid": "66b372f8d70d4c58b3f915ff"
  },
  "ID": 46,
  "Name": "Avery R.",
  "Age": 28,
  "City": "San Jose",
  "Email": "avery.r@example.com",
  "Phone": "678-901-2349",
  "timestamp": "2024-04-01T10:00:00Z",
  "source": "source2"
},
{
  "_id": {
    "$oid": "66b372f8d70d4c58b3f91600"
  },
  "ID": 47,
  "Name": "Oliver Young",
  "Age": 27,
  "City": "New York",
  "Email": "oliver.young@example.com",
  "Phone": "789-012-3460",
  "timestamp": "2024-04-02T10:00:00Z",
  "source": "source2"
},
{
  "_id": {
    "$oid": "66b372f8d70d4c58b3f91601"
  },
  "ID": 47,
  "Name": "Ollie Young",
  "Age": 27,
  "City": "New York",
  "Email": "ollie.young@example.com",
  "Phone": "789-012-3460",
  "timestamp": "2024-04-03T10:00:00Z",
  "source": "source1"
},
{
  "_id": {
    "$oid": "66b372f8d70d4c58b3f91602"
  },
  "ID": 48,
  "Name": "Elijah Turner",
  "Age": 30,
  "City": "Austin",
  "Email": "elijah.turner@example.com",
  "Phone": "890-123-4571",
  "timestamp": "2024-04-04T10:00:00Z",
  "source": "source1"
},
{
  "_id": {
    "$oid": "66b372f8d70d4c58b3f91603"
  },
  "ID": 48,
  "Name": "Eli Turner",
  "Age": 30,
  "City": "Austin",
  "Email": "eli.turner@example.com",
  "Phone": "890-123-4571",
  "timestamp": "2024-04-05T10:00:00Z",
  "source": "source2"
},
{
  "_id": {
    "$oid": "66b372f8d70d4c58b3f91604"
  },
  "ID": 49,
  "Name": "Liam Davis",
  "Age": 29,
  "City": "Baltimore",
  "Email": "liam.davis@example.com",
  "Phone": "901-234-5672",
  "timestamp": "2024-04-06T10:00:00Z",
  "source": "source2"
},
{
  "_id": {
    "$oid": "66b372f8d70d4c58b3f91605"
  },
  "ID": 49,
  "Name": "Liam D.",
  "Age": 29,
  "City": "Baltimore",
  "Email": "liam.d@example.com",
  "Phone": "901-234-5672",
  "timestamp": "2024-04-07T10:00:00Z",
  "source": "source1"
},
{
  "_id": {
    "$oid": "66b372f8d70d4c58b3f91606"
  },
  "ID": 50,
  "Name": "Emma Wilson",
  "Age": 28,
  "City": "San Francisco",
  "Email": "emma.wilson@example.com",
  "Phone": "012-345-6782",
  "timestamp": "2024-04-08T10:00:00Z",
  "source": "source1"
},
{
  "_id": {
    "$oid": "66b372f8d70d4c58b3f91607"
  },
  "ID": 50,
  "Name": "Emily Wilson",
  "Age": 28,
  "City": "San Francisco",
  "Email": "emily.wilson@example.com",
  "Phone": "012-345-6782",
  "timestamp": "2024-04-09T10:00:00Z",
  "source": "source2"
},
{
  "_id": {
    "$oid": "66b372f8d70d4c58b3f91608"
  },
  "ID": 51,
  "Name": "Mason Reed",
  "Age": 31,
  "City": "Seattle",
  "Email": "mason.reed@example.com",
  "Phone": "123-456-7895",
  "timestamp": "2024-04-10T10:00:00Z",
  "source": "source2"
},
{
  "_id": {
    "$oid": "66b372f8d70d4c58b3f91609"
  },
  "ID": 51,
  "Name": "Mason R.",
  "Age": 31,
  "City": "Seattle",
  "Email": "mason.r@example.com",
  "Phone": "123-456-7895",
  "timestamp": "2024-04-11T10:00:00Z",
  "source": "source1"
},
{
  "_id": {
    "$oid": "66b372f8d70d4c58b3f9160a"
  },
  "ID": 52,
  "Name": "Noah Mitchell",
  "Age": 33,
  "City": "New York",
  "Email": "noah.mitchell@example.com",
  "Phone": "234-567-8906",
  "timestamp": "2024-04-12T10:00:00Z",
  "source": "source1"
},
{
  "_id": {
    "$oid": "66b372f8d70d4c58b3f9160b"
  },
  "ID": 52,
  "Name": "Noa Mitchell",
  "Age": 33,
  "City": "New York",
  "Email": "noa.mitchell@example.com",
  "Phone": "234-567-8906",
  "timestamp": "2024-04-13T10:00:00Z",
  "source": "source2"
},
{
  "_id": {
    "$oid": "66b372f8d70d4c58b3f9160c"
  },
  "ID": 53,
  "Name": "Ethan Harris",
  "Age": 35,
  "City": "Phoenix",
  "Email": "ethan.harris@example.com",
  "Phone": "345-678-9017",
  "timestamp": "2024-04-14T10:00:00Z",
  "source": "source2"
},
{
  "_id": {
    "$oid": "66b372f8d70d4c58b3f9160d"
  },
  "ID": 53,
  "Name": "Ethen Harris",
  "Age": 35,
  "City": "Phoenix",
  "Email": "ethen.harris@example.com",
  "Phone": "345-678-9017",
  "timestamp": "2024-04-15T10:00:00Z",
  "source": "source1"
},
{
  "_id": {
    "$oid": "66b372f8d70d4c58b3f9160e"
  },
  "ID": 54,
  "Name": "Mia Turner",
  "Age": 30,
  "City": "Washington",
  "Email": "mia.turner@example.com",
  "Phone": "456-789-0128",
  "timestamp": "2024-04-16T10:00:00Z",
  "source": "source1"
},
{
  "_id": {
    "$oid": "66b372f8d70d4c58b3f9160f"
  },
  "ID": 54,
  "Name": "Mya Turner",
  "Age": 30,
  "City": "Washington",
  "Email": "mya.turner@example.com",
  "Phone": "456-789-0128",
  "timestamp": "2024-04-17T10:00:00Z",
  "source": "source2"
},
{
  "_id": {
    "$oid": "66b372f8d70d4c58b3f91610"
  },
  "ID": 55,
  "Name": "Oliver Young",
  "Age": 27,
  "City": "New York",
  "Email": "oliver.young@example.com",
  "Phone": "789-012-3461",
  "timestamp": "2024-04-18T10:00:00Z",
  "source": "source1"
},
{
  "_id": {
    "$oid": "66b372f8d70d4c58b3f91611"
  },
  "ID": 55,
  "Name": "Ollie Young",
  "Age": 27,
  "City": "New York",
  "Email": "ollie.young@example.com",
  "Phone": "789-012-3461",
  "timestamp": "2024-04-19T10:00:00Z",
  "source": "source2"
},
{
  "_id": {
    "$oid": "66b372f8d70d4c58b3f91612"
  },
  "ID": 56,
  "Name": "Ryan King",
  "Age": 31,
  "City": "San Diego",
  "Email": "ryan.king@example.com",
  "Phone": "890-123-4572",
  "timestamp": "2024-04-20T10:00:00Z",
  "source": "source1"
},
{
  "_id": {
    "$oid": "66b372f8d70d4c58b3f91613"
  },
  "ID": 56,
  "Name": "Rian King",
  "Age": 31,
  "City": "San Diego",
  "Email": "rian.king@example.com",
  "Phone": "890-123-4572",
  "timestamp": "2024-04-21T10:00:00Z",
  "source": "source2"
},
{
  "_id": {
    "$oid": "66b372f8d70d4c58b3f91614"
  },
  "ID": 57,
  "Name": "Lucas Reed",
  "Age": 28,
  "City": "Seattle",
  "Email": "lucas.reed@example.com",
  "Phone": "901-234-5673",
  "timestamp": "2024-04-22T10:00:00Z",
  "source": "source2"
},
{
  "_id": {
    "$oid": "66b372f8d70d4c58b3f91615"
  },
  "ID": 57,
  "Name": "Luke Reed",
  "Age": 28,
  "City": "Seattle",
  "Email": "luke.reed@example.com",
  "Phone": "901-234-5673",
  "timestamp": "2024-04-23T10:00:00Z",
  "source": "source1"
},
{
  "_id": {
    "$oid": "66b372f8d70d4c58b3f91616"
  },
  "ID": 58,
  "Name": "Jasper Lee",
  "Age": 29,
  "City": "Dallas",
  "Email": "jasper.lee@example.com",
  "Phone": "012-345-6783",
  "timestamp": "2024-04-24T10:00:00Z",
  "source": "source1"
},
{
  "_id": {
    "$oid": "66b372f8d70d4c58b3f91617"
  },
  "ID": 58,
  "Name": "Jasper L.",
  "Age": 29,
  "City": "Dallas",
  "Email": "jasper.l@example.com",
  "Phone": "012-345-6783",
  "timestamp": "2024-04-25T10:00:00Z",
  "source": "source2"
},
{
  "_id": {
    "$oid": "66b372f8d70d4c58b3f91618"
  },
  "ID": 59,
  "Name": "Ella Moore",
  "Age": 30,
  "City": "San Francisco",
  "Email": "ella.moore@example.com",
  "Phone": "123-456-7896",
  "timestamp": "2024-04-26T10:00:00Z",
  "source": "source2"
},
{
  "_id": {
    "$oid": "66b372f8d70d4c58b3f91619"
  },
  "ID": 59,
  "Name": "Ellen Moore",
  "Age": 30,
  "City": "San Francisco",
  "Email": "ellen.moore@example.com",
  "Phone": "123-456-7896",
  "timestamp": "2024-04-27T10:00:00Z",
  "source": "source1"
}]