[{
  "_id": {
    "$oid": "66b45d2e946a30b5691b71bc"
  },
  "Total_Sales": 8100,
  "Customer_Rating": 4.65,
  "Price": 300,
  "Comments": "High performance Excellent",
  "Status": "Completed",
  "Inventory_Level": 35,
  "ID": 15,
  "Name": "Product O"
},
{
  "_id": {
    "$oid": "66b45d2e946a30b5691b71bd"
  },
  "Total_Sales": 7100,
  "Customer_Rating": 4.35,
  "Price": 200,
  "Comments": "Good value Satisfactory",
  "Status": "In Progress",
  "Inventory_Level": 155,
  "ID": 14,
  "Name": "Product N"
},
{
  "_id": {
    "$oid": "66b45d2e946a30b5691b71be"
  },
  "Total_Sales": 4300,
  "Customer_Rating": 4.3,
  "Price": 210,
  "Comments": "Satisfactory Needs improvement Good value",
  "Status": "Completed",
  "Inventory_Level": 90,
  "ID": 2,
  "Name": "Product B"
},
{
  "_id": {
    "$oid": "66b45d2e946a30b5691b71bf"
  },
  "Total_Sales": 2500,
  "Customer_Rating": 4.75,
  "Price": 250,
  "Comments": "Top-notch Very high quality",
  "Status": "Completed",
  "Inventory_Level": 55,
  "ID": 11,
  "Name": "Product K"
},
{
  "_id": {
    "$oid": "66b45d2e946a30b5691b71c0"
  },
  "Total_Sales": 1650,
  "Customer_Rating": 4,
  "Price": 100,
  "Comments": "Average Good Better than expected",
  "Status": "In Progress",
  "Inventory_Level": 210,
  "ID": 3,
  "Name": "Product C"
},
{
  "_id": {
    "$oid": "66b45d2e946a30b5691b71c1"
  },
  "Total_Sales": 1500,
  "Customer_Rating": 3.8499999999999996,
  "Price": 120,
  "Comments": "Below average Needs improvement",
  "Status": "In Progress",
  "Inventory_Level": 175,
  "ID": 7,
  "Name": "Product G"
},
{
  "_id": {
    "$oid": "66b45d2e946a30b5691b71c2"
  },
  "Total_Sales": 10200,
  "Customer_Rating": 4.55,
  "Price": 300,
  "Comments": "High quality Reliable",
  "Status": "Completed",
  "Inventory_Level": 45,
  "ID": 6,
  "Name": "Product F"
},
{
  "_id": {
    "$oid": "66b45d2e946a30b5691b71c3"
  },
  "Total_Sales": 3700,
  "Customer_Rating": 4.25,
  "Price": 150,
  "Comments": "Good quality Satisfactory",
  "Status": "In Progress",
  "Inventory_Level": 75,
  "ID": 18,
  "Name": "Product R"
},
{
  "_id": {
    "$oid": "66b45d2e946a30b5691b71c4"
  },
  "Total_Sales": 5100,
  "Customer_Rating": 4.05,
  "Price": 175,
  "Comments": "Good Very good",
  "Status": "Pending",
  "Inventory_Level": 95,
  "ID": 16,
  "Name": "Product P"
},
{
  "_id": {
    "$oid": "66b45d2e946a30b5691b71c5"
  },
  "Total_Sales": 2700,
  "Customer_Rating": 4.25,
  "Price": 220,
  "Comments": "Satisfactory Good product",
  "Status": "Completed",
  "Inventory_Level": 125,
  "ID": 8,
  "Name": "Product H"
},
{
  "_id": {
    "$oid": "66b45d2e946a30b5691b71c6"
  },
  "Total_Sales": 4100,
  "Customer_Rating": 4.95,
  "Price": 150,
  "Comments": "Outstanding Perfect",
  "Status": "Completed",
  "Inventory_Level": 135,
  "ID": 13,
  "Name": "Product M"
},
{
  "_id": {
    "$oid": "66b45d2e946a30b5691b71c7"
  },
  "Total_Sales": 3100,
  "Customer_Rating": 4.15,
  "Price": 180,
  "Comments": "Average quality Good performance",
  "Status": "Pending",
  "Inventory_Level": 105,
  "ID": 9,
  "Name": "Product I"
},
{
  "_id": {
    "$oid": "66b45d2e946a30b5691b71c8"
  },
  "Total_Sales": 5700,
  "Customer_Rating": 4.85,
  "Price": 220,
  "Comments": "Top-notch Excellent",
  "Status": "Completed",
  "Inventory_Level": 95,
  "ID": 19,
  "Name": "Product S"
},
{
  "_id": {
    "$oid": "66b45d2e946a30b5691b71c9"
  },
  "Total_Sales": 4500,
  "Customer_Rating": 4.6000000000000005,
  "Price": 150,
  "Comments": "Good product Excellent quality Value for money",
  "Status": "Completed",
  "Inventory_Level": 180,
  "ID": 1,
  "Name": "Product A"
},
{
  "_id": {
    "$oid": "66b45d2e946a30b5691b71ca"
  },
  "Total_Sales": 4200,
  "Customer_Rating": 4.05,
  "Price": 175,
  "Comments": "Good value for money Affordable",
  "Status": "Pending",
  "Inventory_Level": 75,
  "ID": 5,
  "Name": "Product E"
},
{
  "_id": {
    "$oid": "66b45d2e946a30b5691b71cb"
  },
  "Total_Sales": 1100,
  "Customer_Rating": 3.6500000000000004,
  "Price": 100,
  "Comments": "Low quality Could be better",
  "Status": "Pending",
  "Inventory_Level": 195,
  "ID": 12,
  "Name": "Product L"
},
{
  "_id": {
    "$oid": "66b45d2e946a30b5691b71cc"
  },
  "Total_Sales": 6200,
  "Customer_Rating": 4.85,
  "Price": 250,
  "Comments": "Excellent performance Top quality",
  "Status": "Completed",
  "Inventory_Level": 190,
  "ID": 4,
  "Name": "Product D"
},
{
  "_id": {
    "$oid": "66b45d2e946a30b5691b71cd"
  },
  "Total_Sales": 7100,
  "Customer_Rating": 4.45,
  "Price": 250,
  "Comments": "Good performance Very good",
  "Status": "Completed",
  "Inventory_Level": 55,
  "ID": 20,
  "Name": "Product T"
},
{
  "_id": {
    "$oid": "66b45d2e946a30b5691b71ce"
  },
  "Total_Sales": 1650,
  "Customer_Rating": 4.45,
  "Price": 200,
  "Comments": "Very good Excellent",
  "Status": "In Progress",
  "Inventory_Level": 85,
  "ID": 10,
  "Name": "Product J"
},
{
  "_id": {
    "$oid": "66b45d2e946a30b5691b71cf"
  },
  "Total_Sales": 6200,
  "Customer_Rating": 4.55,
  "Price": 200,
  "Comments": "Excellent quality Top performance",
  "Status": "Completed",
  "Inventory_Level": 115,
  "ID": 17,
  "Name": "Product Q"
}]