[{
  "_id": {
    "$oid": "66b45ba118fc4c41d3d6236e"
  },
  "ID": 1,
  "Name": "Product A",
  "Total_Sales": 1000,
  "Customer_Rating": 4.5,
  "Price": 150,
  "Comments": "Good product",
  "Status": "Completed",
  "Inventory_Level": 50
},
{
  "_id": {
    "$oid": "66b45ba118fc4c41d3d6236f"
  },
  "ID": 1,
  "Name": "Product A",
  "Total_Sales": 2000,
  "Customer_Rating": 4.7,
  "Price": 150,
  "Comments": "Excellent quality",
  "Status": "Completed",
  "Inventory_Level": 70
},
{
  "_id": {
    "$oid": "66b45ba118fc4c41d3d62370"
  },
  "ID": 1,
  "Name": "Product A",
  "Total_Sales": 1500,
  "Customer_Rating": 4.6,
  "Price": 150,
  "Comments": "Value for money",
  "Status": "Completed",
  "Inventory_Level": 60
},
{
  "_id": {
    "$oid": "66b45ba118fc4c41d3d62371"
  },
  "ID": 2,
  "Name": "Product B",
  "Total_Sales": 1500,
  "Customer_Rating": 4.2,
  "Price": 200,
  "Comments": "Satisfactory",
  "Status": "Pending",
  "Inventory_Level": 30
},
{
  "_id": {
    "$oid": "66b45ba118fc4c41d3d62372"
  },
  "ID": 2,
  "Name": "Product B",
  "Total_Sales": 1000,
  "Customer_Rating": 4.4,
  "Price": 210,
  "Comments": "Needs improvement",
  "Status": "Completed",
  "Inventory_Level": 20
},
{
  "_id": {
    "$oid": "66b45ba118fc4c41d3d62373"
  },
  "ID": 2,
  "Name": "Product B",
  "Total_Sales": 1800,
  "Customer_Rating": 4.3,
  "Price": 200,
  "Comments": "Good value",
  "Status": "Completed",
  "Inventory_Level": 40
},
{
  "_id": {
    "$oid": "66b45ba118fc4c41d3d62374"
  },
  "ID": 3,
  "Name": "Product C",
  "Total_Sales": 500,
  "Customer_Rating": 3.9,
  "Price": 100,
  "Comments": "Average",
  "Status": "In Progress",
  "Inventory_Level": 80
},
{
  "_id": {
    "$oid": "66b45ba118fc4c41d3d62375"
  },
  "ID": 3,
  "Name": "Product C",
  "Total_Sales": 600,
  "Customer_Rating": 4,
  "Price": 100,
  "Comments": "Good",
  "Status": "In Progress",
  "Inventory_Level": 60
},
{
  "_id": {
    "$oid": "66b45ba118fc4c41d3d62376"
  },
  "ID": 3,
  "Name": "Product C",
  "Total_Sales": 550,
  "Customer_Rating": 4.1,
  "Price": 100,
  "Comments": "Better than expected",
  "Status": "In Progress",
  "Inventory_Level": 70
},
{
  "_id": {
    "$oid": "66b45ba118fc4c41d3d62377"
  },
  "ID": 4,
  "Name": "Product D",
  "Total_Sales": 3000,
  "Customer_Rating": 4.8,
  "Price": 250,
  "Comments": "Excellent performance",
  "Status": "Completed",
  "Inventory_Level": 90
},
{
  "_id": {
    "$oid": "66b45ba118fc4c41d3d62378"
  },
  "ID": 4,
  "Name": "Product D",
  "Total_Sales": 3200,
  "Customer_Rating": 4.9,
  "Price": 250,
  "Comments": "Top quality",
  "Status": "Completed",
  "Inventory_Level": 100
},
{
  "_id": {
    "$oid": "66b45ba118fc4c41d3d62379"
  },
  "ID": 5,
  "Name": "Product E",
  "Total_Sales": 2000,
  "Customer_Rating": 4,
  "Price": 175,
  "Comments": "Good value for money",
  "Status": "Pending",
  "Inventory_Level": 40
},
{
  "_id": {
    "$oid": "66b45ba118fc4c41d3d6237a"
  },
  "ID": 5,
  "Name": "Product E",
  "Total_Sales": 2200,
  "Customer_Rating": 4.1,
  "Price": 175,
  "Comments": "Affordable",
  "Status": "Completed",
  "Inventory_Level": 35
},
{
  "_id": {
    "$oid": "66b45ba118fc4c41d3d6237b"
  },
  "ID": 6,
  "Name": "Product F",
  "Total_Sales": 5000,
  "Customer_Rating": 4.6,
  "Price": 300,
  "Comments": "High quality",
  "Status": "Completed",
  "Inventory_Level": 20
},
{
  "_id": {
    "$oid": "66b45ba118fc4c41d3d6237c"
  },
  "ID": 6,
  "Name": "Product F",
  "Total_Sales": 5200,
  "Customer_Rating": 4.5,
  "Price": 300,
  "Comments": "Reliable",
  "Status": "Completed",
  "Inventory_Level": 25
},
{
  "_id": {
    "$oid": "66b45ba118fc4c41d3d6237d"
  },
  "ID": 7,
  "Name": "Product G",
  "Total_Sales": 700,
  "Customer_Rating": 3.8,
  "Price": 120,
  "Comments": "Below average",
  "Status": "In Progress",
  "Inventory_Level": 90
},
{
  "_id": {
    "$oid": "66b45ba118fc4c41d3d6237e"
  },
  "ID": 7,
  "Name": "Product G",
  "Total_Sales": 800,
  "Customer_Rating": 3.9,
  "Price": 120,
  "Comments": "Needs improvement",
  "Status": "In Progress",
  "Inventory_Level": 85
},
{
  "_id": {
    "$oid": "66b45ba118fc4c41d3d6237f"
  },
  "ID": 8,
  "Name": "Product H",
  "Total_Sales": 1300,
  "Customer_Rating": 4.2,
  "Price": 220,
  "Comments": "Satisfactory",
  "Status": "Completed",
  "Inventory_Level": 60
},
{
  "_id": {
    "$oid": "66b45ba118fc4c41d3d62380"
  },
  "ID": 8,
  "Name": "Product H",
  "Total_Sales": 1400,
  "Customer_Rating": 4.3,
  "Price": 220,
  "Comments": "Good product",
  "Status": "Completed",
  "Inventory_Level": 65
},
{
  "_id": {
    "$oid": "66b45ba118fc4c41d3d62381"
  },
  "ID": 9,
  "Name": "Product I",
  "Total_Sales": 1500,
  "Customer_Rating": 4.1,
  "Price": 180,
  "Comments": "Average quality",
  "Status": "Pending",
  "Inventory_Level": 55
},
{
  "_id": {
    "$oid": "66b45ba118fc4c41d3d62382"
  },
  "ID": 9,
  "Name": "Product I",
  "Total_Sales": 1600,
  "Customer_Rating": 4.2,
  "Price": 180,
  "Comments": "Good performance",
  "Status": "Completed",
  "Inventory_Level": 50
},
{
  "_id": {
    "$oid": "66b45ba118fc4c41d3d62383"
  },
  "ID": 10,
  "Name": "Product J",
  "Total_Sales": 800,
  "Customer_Rating": 4.4,
  "Price": 200,
  "Comments": "Very good",
  "Status": "In Progress",
  "Inventory_Level": 45
},
{
  "_id": {
    "$oid": "66b45ba118fc4c41d3d62384"
  },
  "ID": 10,
  "Name": "Product J",
  "Total_Sales": 850,
  "Customer_Rating": 4.5,
  "Price": 200,
  "Comments": "Excellent",
  "Status": "In Progress",
  "Inventory_Level": 40
},
{
  "_id": {
    "$oid": "66b45ba118fc4c41d3d62385"
  },
  "ID": 11,
  "Name": "Product K",
  "Total_Sales": 1200,
  "Customer_Rating": 4.7,
  "Price": 250,
  "Comments": "Top-notch",
  "Status": "Completed",
  "Inventory_Level": 30
},
{
  "_id": {
    "$oid": "66b45ba118fc4c41d3d62386"
  },
  "ID": 11,
  "Name": "Product K",
  "Total_Sales": 1300,
  "Customer_Rating": 4.8,
  "Price": 250,
  "Comments": "Very high quality",
  "Status": "Completed",
  "Inventory_Level": 25
},
{
  "_id": {
    "$oid": "66b45ba118fc4c41d3d62387"
  },
  "ID": 12,
  "Name": "Product L",
  "Total_Sales": 500,
  "Customer_Rating": 3.6,
  "Price": 100,
  "Comments": "Low quality",
  "Status": "Pending",
  "Inventory_Level": 100
},
{
  "_id": {
    "$oid": "66b45ba118fc4c41d3d62388"
  },
  "ID": 12,
  "Name": "Product L",
  "Total_Sales": 600,
  "Customer_Rating": 3.7,
  "Price": 100,
  "Comments": "Could be better",
  "Status": "Pending",
  "Inventory_Level": 95
},
{
  "_id": {
    "$oid": "66b45ba118fc4c41d3d62389"
  },
  "ID": 13,
  "Name": "Product M",
  "Total_Sales": 2000,
  "Customer_Rating": 4.9,
  "Price": 150,
  "Comments": "Outstanding",
  "Status": "Completed",
  "Inventory_Level": 70
},
{
  "_id": {
    "$oid": "66b45ba118fc4c41d3d6238a"
  },
  "ID": 13,
  "Name": "Product M",
  "Total_Sales": 2100,
  "Customer_Rating": 5,
  "Price": 150,
  "Comments": "Perfect",
  "Status": "Completed",
  "Inventory_Level": 65
},
{
  "_id": {
    "$oid": "66b45ba118fc4c41d3d6238b"
  },
  "ID": 14,
  "Name": "Product N",
  "Total_Sales": 3500,
  "Customer_Rating": 4.3,
  "Price": 200,
  "Comments": "Good value",
  "Status": "In Progress",
  "Inventory_Level": 80
},
{
  "_id": {
    "$oid": "66b45ba118fc4c41d3d6238c"
  },
  "ID": 14,
  "Name": "Product N",
  "Total_Sales": 3600,
  "Customer_Rating": 4.4,
  "Price": 200,
  "Comments": "Satisfactory",
  "Status": "In Progress",
  "Inventory_Level": 75
},
{
  "_id": {
    "$oid": "66b45ba118fc4c41d3d6238d"
  },
  "ID": 15,
  "Name": "Product O",
  "Total_Sales": 4000,
  "Customer_Rating": 4.6,
  "Price": 300,
  "Comments": "High performance",
  "Status": "Completed",
  "Inventory_Level": 20
},
{
  "_id": {
    "$oid": "66b45ba118fc4c41d3d6238e"
  },
  "ID": 15,
  "Name": "Product O",
  "Total_Sales": 4100,
  "Customer_Rating": 4.7,
  "Price": 300,
  "Comments": "Excellent",
  "Status": "Completed",
  "Inventory_Level": 15
},
{
  "_id": {
    "$oid": "66b45ba118fc4c41d3d6238f"
  },
  "ID": 16,
  "Name": "Product P",
  "Total_Sales": 2500,
  "Customer_Rating": 4,
  "Price": 175,
  "Comments": "Good",
  "Status": "Pending",
  "Inventory_Level": 50
},
{
  "_id": {
    "$oid": "66b45ba118fc4c41d3d62390"
  },
  "ID": 16,
  "Name": "Product P",
  "Total_Sales": 2600,
  "Customer_Rating": 4.1,
  "Price": 175,
  "Comments": "Very good",
  "Status": "Pending",
  "Inventory_Level": 45
},
{
  "_id": {
    "$oid": "66b45ba118fc4c41d3d62391"
  },
  "ID": 17,
  "Name": "Product Q",
  "Total_Sales": 3000,
  "Customer_Rating": 4.5,
  "Price": 200,
  "Comments": "Excellent quality",
  "Status": "Completed",
  "Inventory_Level": 60
},
{
  "_id": {
    "$oid": "66b45ba118fc4c41d3d62392"
  },
  "ID": 17,
  "Name": "Product Q",
  "Total_Sales": 3200,
  "Customer_Rating": 4.6,
  "Price": 200,
  "Comments": "Top performance",
  "Status": "Completed",
  "Inventory_Level": 55
},
{
  "_id": {
    "$oid": "66b45ba118fc4c41d3d62393"
  },
  "ID": 18,
  "Name": "Product R",
  "Total_Sales": 1800,
  "Customer_Rating": 4.2,
  "Price": 150,
  "Comments": "Good quality",
  "Status": "In Progress",
  "Inventory_Level": 40
},
{
  "_id": {
    "$oid": "66b45ba118fc4c41d3d62394"
  },
  "ID": 18,
  "Name": "Product R",
  "Total_Sales": 1900,
  "Customer_Rating": 4.3,
  "Price": 150,
  "Comments": "Satisfactory",
  "Status": "In Progress",
  "Inventory_Level": 35
},
{
  "_id": {
    "$oid": "66b45ba118fc4c41d3d62395"
  },
  "ID": 19,
  "Name": "Product S",
  "Total_Sales": 2800,
  "Customer_Rating": 4.8,
  "Price": 220,
  "Comments": "Top-notch",
  "Status": "Completed",
  "Inventory_Level": 50
},
{
  "_id": {
    "$oid": "66b45ba118fc4c41d3d62396"
  },
  "ID": 19,
  "Name": "Product S",
  "Total_Sales": 2900,
  "Customer_Rating": 4.9,
  "Price": 220,
  "Comments": "Excellent",
  "Status": "Completed",
  "Inventory_Level": 45
},
{
  "_id": {
    "$oid": "66b45ba118fc4c41d3d62397"
  },
  "ID": 20,
  "Name": "Product T",
  "Total_Sales": 3500,
  "Customer_Rating": 4.4,
  "Price": 250,
  "Comments": "Good performance",
  "Status": "Completed",
  "Inventory_Level": 30
},
{
  "_id": {
    "$oid": "66b45ba118fc4c41d3d62398"
  },
  "ID": 20,
  "Name": "Product T",
  "Total_Sales": 3600,
  "Customer_Rating": 4.5,
  "Price": 250,
  "Comments": "Very good",
  "Status": "Completed",
  "Inventory_Level": 25
}]