[
    {
        "_id": "66b4966503cd1aa762f7916e",
        "Record_ID": "b'z\\x167\\xea\\xbf\\x8bD\\x02\\x9e\\xc6[\\xd7\\xff\\xc4\\n\\x92'",
        "Name": "Jo Bell",
        "Address": "Unit 4323 Box 0160\nDPO AP 66200",
        "Phone": 8524221206,
        "Email": "kyle70@example.com",
        "Last_Updated": "18-09-2020",
        "Source_System": "System_A",
        "UUID": null
    },
    {
        "_id": "66b4965503cd1aa762f57630",
        "Record_ID": "b'\\x84\\x18\\x05(D\\xdaH\\xf3\\x90\\xa1\\xa8I7y\\x85\\x82'",
        "Name": "Joe Hall",
        "Address": "PSC 1883, Box 8141\nAPO AE 19174",
        "Phone": "933-405-3877",
        "Email": "yvonnerodriguez@example.org",
        "Last_Updated": "01-06-2024",
        "Source_System": "System_A",
        "UUID": null
    },
    {
        "_id": "66b4965803cd1aa762f5dc9b",
        "Record_ID": "b'\\xbf\\x8e\\x06~_oE\\xb1\\x9f\\xc5m\\x0e\\xd6\\x15d='",
        "Name": "Joe Bell",
        "Address": "6400 Patrick Fort Suite 397\nCookmouth, CA 08871",
        "Phone": "(823)821-1195",
        "Email": "steven97@example.com",
        "Last_Updated": "03-09-2022",
        "Source_System": "System_C",
        "UUID": null
    },
    {
        "_id": "66b4965c03cd1aa762f65c3f",
        "Record_ID": "b'o\\xe4\\x1e\\xbc\\x8c\\xf0IY\\x91\\x17\\xbd\\xd2nr\\x92^'",
        "Name": "Jose Lee",
        "Address": "298 May Crossroad Apt. 697\nTravismouth, NV 13327",
        "Phone": "843.268.5803x9534",
        "Email": "mgrant@example.org",
        "Last_Updated": "20-02-2021",
        "Source_System": "System_B",
        "UUID": null
    },
    {
        "_id": "66b4965d03cd1aa762f68128",
        "Record_ID": "b'ii\\x99\\xf7=\\xc5Mk\\x90-$\\xb6\\x0e8\\xb5%'",
        "Name": "Joel Fry",
        "Address": "7123 Andrew Road\nPort Michelle, MS 54403",
        "Phone": "566.376.3637x521",
        "Email": "fwilliams@example.com",
        "Last_Updated": "10-05-2021",
        "Source_System": "System_A",
        "UUID": null
    },
    {
        "_id": "66b4965e03cd1aa762f69c1d",
        "Record_ID": "b'C\\x94z[\\xcc\\xdeG\\x00\\xa8\\x89\\xa8o\\xbbA!\\xb0'",
        "Name": "Joel Ali",
        "Address": "6746 Gutierrez Wall Suite 491\nNorth Samuel, WA 79344",
        "Phone": "(749)754-5494x151",
        "Email": "hendersongerald@example.net",
        "Last_Updated": "21-06-2022",
        "Source_System": "System_C",
        "UUID": null
    },
    {
        "_id": "66b4966003cd1aa762f6d99d",
        "Record_ID": "b'\\x99(\\xeav[\\xc4F\\x94\\xb3I^qzl%\\xf4'",
        "Name": "Joe Cole",
        "Address": "5681 Michelle Union\nMistyshire, VT 62010",
        "Phone": "906.972.0094x9448",
        "Email": "jamesgay@example.org",
        "Last_Updated": "26-05-2021",
        "Source_System": "System_A",
        "UUID": null
    },
    {
        "_id": "66b4966003cd1aa762f6e2c3",
        "Record_ID": "b'6/&\\xd5\\x0fMLb\\x99\\x87A:\\xd2\\xc5d\\xc6'",
        "Name": "Joyce Li",
        "Address": "8571 Joshua Shores\nJohnville, TX 77031",
        "Phone": "521.243.6852",
        "Email": "hware@example.com",
        "Last_Updated": "07-01-2022",
        "Source_System": "System_B",
        "UUID": null
    },
    {
        "_id": "66b4966103cd1aa762f70bfd",
        "Record_ID": "b'\\x81\\xac2^\\x15\\xabE\\xd8\\x97bTv=Pa7'",
        "Name": "Jose Lee",
        "Address": "72215 Jessica Rest\nNorth Kristina, WA 09686",
        "Phone": "001-753-749-5967x753",
        "Email": "swhitehead@example.net",
        "Last_Updated": "21-03-2020",
        "Source_System": "System_C",
        "UUID": null
    },
    {
        "_id": "66b4966203cd1aa762f7273c",
        "Record_ID": "b'\\xfbN\\xbb\\xeb\\xff\\xd7@!\\x8aA\\xb3\\x9a_\\xd9\\xea\\xc3'",
        "Name": "Joel Lee",
        "Address": "0006 James Gateway Apt. 667\nEast Christopher, RI 85958",
        "Phone": "620-388-8886x195",
        "Email": "amandasingh@example.net",
        "Last_Updated": "03-12-2020",
        "Source_System": "System_C",
        "UUID": null
    }
]